{"cameraMode":{"drawMode":0,"name":"Shaded","section":"Shading Mode"},"sceneLighting":true,"audioPlay":false,"sceneViewState":{"showFog":true,"showMaterialUpdate":false,"showSkybox":true,"showFlares":true,"showImageEffects":true,"showParticleSystems":true,"showVisualEffectGraphs":true,"m_FxEnabled":true},"in2DMode":false,"pivot":{"x":12.006963729858399,"y":-13.2228364944458,"z":112.03133392333985},"rotation":{"x":-0.08868687599897385,"y":-0.011357547715306282,"z":0.0010119135258719326,"w":-0.9959959387779236},"size":82.67839813232422,"orthographic":false}