{"cameraMode":{"drawMode":0,"name":"Shaded","section":"Shading Mode"},"sceneLighting":true,"audioPlay":false,"sceneViewState":{"showFog":true,"showMaterialUpdate":false,"showSkybox":true,"showFlares":true,"showImageEffects":true,"showParticleSystems":true,"showVisualEffectGraphs":true,"m_FxEnabled":true},"in2DMode":false,"pivot":{"x":4.433826923370361,"y":6.937526702880859,"z":9.70461368560791},"rotation":{"x":0.031791605055332187,"y":0.030291318893432618,"z":-0.0008435406489297748,"w":0.9989995956420898},"size":12.12435531616211,"orthographic":false}