{"cameraMode":{"drawMode":0,"name":"Shaded","section":"Shading Mode"},"sceneLighting":true,"audioPlay":false,"sceneViewState":{"showFog":true,"showMaterialUpdate":false,"showSkybox":true,"showFlares":true,"showImageEffects":true,"showParticleSystems":true,"showVisualEffectGraphs":true,"m_FxEnabled":true},"in2DMode":false,"pivot":{"x":3.0401992797851564,"y":10.211407661437989,"z":19.765445709228517},"rotation":{"x":0.04614017531275749,"y":-0.038352120667696,"z":-0.0017721590120345355,"w":-0.9981948733329773},"size":20.732479095458986,"orthographic":false}