{"cameraMode":{"drawMode":0,"name":"Shaded","section":"Shading Mode"},"sceneLighting":true,"audioPlay":false,"sceneViewState":{"showFog":true,"showMaterialUpdate":false,"showSkybox":true,"showFlares":true,"showImageEffects":true,"showParticleSystems":true,"showVisualEffectGraphs":true,"m_FxEnabled":true},"in2DMode":false,"pivot":{"x":5.558927536010742,"y":7.681906700134277,"z":0.8750460147857666},"rotation":{"x":-0.015284162946045399,"y":0.6737580895423889,"z":0.013942783698439598,"w":0.7386351823806763},"size":10.01449966430664,"orthographic":false}