{"cameraMode":{"drawMode":0,"name":"Shaded","section":"Shading Mode"},"sceneLighting":true,"audioPlay":false,"sceneViewState":{"showFog":true,"showMaterialUpdate":false,"showSkybox":true,"showFlares":true,"showImageEffects":true,"showParticleSystems":true,"showVisualEffectGraphs":true,"m_FxEnabled":true},"in2DMode":false,"pivot":{"x":37.36647033691406,"y":2.6375515460968019,"z":13.615094184875489},"rotation":{"x":0.153668612241745,"y":-0.08111466467380524,"z":0.012662230990827084,"w":0.9846921563148499},"size":14.787065505981446,"orthographic":false}