{"cameraMode":{"drawMode":0,"name":"Shaded","section":"Shading Mode"},"sceneLighting":true,"audioPlay":false,"sceneViewState":{"showFog":true,"showMaterialUpdate":false,"showSkybox":true,"showFlares":true,"showImageEffects":true,"showParticleSystems":true,"showVisualEffectGraphs":true,"m_FxEnabled":true},"in2DMode":false,"pivot":{"x":2.868187427520752,"y":22.457895278930665,"z":38.017086029052737},"rotation":{"x":0.12535779178142548,"y":-0.0038711894303560259,"z":-0.0004896894097328186,"w":-0.9920953512191773},"size":32.48012161254883,"orthographic":false}