{"cameraMode":{"drawMode":0,"name":"Shaded","section":"Shading Mode"},"sceneLighting":true,"audioPlay":false,"sceneViewState":{"showFog":true,"showMaterialUpdate":false,"showSkybox":true,"showFlares":true,"showImageEffects":true,"showParticleSystems":true,"showVisualEffectGraphs":true,"m_FxEnabled":true},"in2DMode":false,"pivot":{"x":305.0459289550781,"y":202.15011596679688,"z":-162.54583740234376},"rotation":{"x":0.01618949882686138,"y":-0.002402168232947588,"z":-0.000039325313991867006,"w":-0.9998733401298523},"size":238.22720336914063,"orthographic":false}