{"cameraMode":{"drawMode":0,"name":"Shaded","section":"Shading Mode"},"sceneLighting":true,"audioPlay":false,"sceneViewState":{"showFog":true,"showMaterialUpdate":false,"showSkybox":true,"showFlares":true,"showImageEffects":true,"showParticleSystems":true,"showVisualEffectGraphs":true,"m_FxEnabled":true},"in2DMode":false,"pivot":{"x":9.201957702636719,"y":5.396951198577881,"z":-34.208736419677737},"rotation":{"x":-0.034419190138578418,"y":0.2636648714542389,"z":0.009409730322659016,"w":0.9639401435852051},"size":16.22852897644043,"orthographic":false}