{"cameraMode":{"drawMode":0,"name":"Shaded","section":"Shading Mode"},"sceneLighting":false,"audioPlay":false,"sceneViewState":{"showFog":true,"showMaterialUpdate":false,"showSkybox":false,"showFlares":true,"showImageEffects":true,"showParticleSystems":true,"showVisualEffectGraphs":true,"m_FxEnabled":true},"in2DMode":false,"pivot":{"x":-9.417981147766114,"y":1.2151949405670167,"z":-0.35775262117385867},"rotation":{"x":-0.032274652272462848,"y":0.6907604932785034,"z":0.030890466645359994,"w":0.7217021584510803},"size":0.4330126941204071,"orthographic":false}